<?xml version="1.0" encoding="UTF-8"?>
<project-private xmlns="http://www.netbeans.org/ns/project-private/1">
    <editor-bookmarks xmlns="http://www.netbeans.org/ns/editor-bookmarks/2" lastBookmarkId="0"/>
    <open-files xmlns="http://www.netbeans.org/ns/projectui-open-files/2">
        <group>
            <file>file:/D:/xamp/htdocs/oop/portfolio/functions/function.php</file>
            <file>file:/D:/xamp/htdocs/oop/portfolio/index.php</file>
            <file>file:/D:/xamp/htdocs/oop/portfolio/login.php</file>
            <file>file:/D:/xamp/htdocs/oop/portfolio/Admin/add-user.php</file>
            <file>file:/D:/xamp/htdocs/oop/portfolio/Admin/all-user.php</file>
            <file>file:/D:/xamp/htdocs/oop/portfolio/Admin/edit-user.php</file>
            <file>file:/D:/xamp/htdocs/oop/portfolio/Admin/functions/function.php</file>
            <file>file:/D:/xamp/htdocs/oop/portfolio/Admin/logout.php</file>
            <file>file:/D:/xamp/htdocs/oop/portfolio/Admin/login.php</file>
            <file>file:/D:/xamp/htdocs/oop/portfolio/Admin/includes/sidebar.php</file>
            <file>file:/D:/xamp/htdocs/oop/portfolio/Admin/view-user.php</file>
            <file>file:/D:/xamp/htdocs/oop/portfolio/Admin/index.php</file>
        </group>
    </open-files>
</project-private>
